,Parameter Name,Site_keys,LU,ppm
0,Nitrogen dioxide (NO2),[  33.45793 -112.04601],"{'Commercial and Services': 0.16379310344827586, 'Residential': 0.8362068965517241}",0.022542972
1,Nitrogen dioxide (NO2),[  32.222058 -110.974681],"{'Commercial and Services': 0.9607843137254902, 'Residential': 0.0392156862745098}",0.036193767
2,Nitrogen dioxide (NO2),[  32.204411 -110.878067],"{'Commercial and Services': 0.19491525423728814, 'Residential': 0.8050847457627118}",0.007567256
